https://www.amazon.in/gp/bestsellers/luggage/ref=sr_bs_0_luggage_1,American Tourister 32 Ltrs Black Casual Backpack (AMT FIZZ SCH BAG 02 - BLACK),1199,4.1,4.1
https://www.amazon.in/gp/bestsellers/computers/1375464031/ref=sr_bs_1_1375464031_1,Wesley Milestone 2.0 Casual Waterproof Laptop Backpack/Office Bag/School Bag/College Bag/Business Bag/Travel Backpack (Dimensions:13x18 inches) (Compatible with 39.62cm(15.6inch laptop) 30 L (Blue & black),565,4.3,4.3
https://www.amazon.in/Skybags-Brat-Black-Casual-Backpack/dp/B08Z1HHHTD/ref=ice_ac_b_dpb?crid=2M096C61O4MLT&keywords=bags&qid=1679311674&sprefix=ba%2Caps%2C283&sr=8-3,Skybags Brat Black 46 Cms Casual Backpack,659,4.1,4.1
https://www.amazon.in/Lavie-Sport-Duffle-Luggage-Trolley/dp/B097RJ22Q3/ref=sr_1_4?crid=2M096C61O4MLT&keywords=bags&qid=1679311674&sprefix=ba%2Caps%2C283&sr=8-4,Lavie Sport Lino Large Size 63 cms Wheel Duffle Bag for Travel | Travel Bag with Trolley,949,3.9,3.9
https://www.amazon.in/ADISA-Laptop-Backpack-Office-College/dp/B09TPX22NF/ref=sr_1_5?crid=2M096C61O4MLT&keywords=bags&qid=1679311674&sprefix=ba%2Caps%2C283&sr=8-5,ADISA 15.6 inch Laptop Backpack Office Bag College Travel Back Pack 32 Ltrs (z-Navy Blue),499,3.8,3.8
https://www.amazon.in/gp/bestsellers/kitchen/ref=sr_bs_5_kitchen_1,"Amazon Brand - Presto! Oxo-Biodegradable Garbage Bags, Medium - 30 bags/roll (Pack of 6)",339,4.3,4.3
https://www.amazon.in/GEAR-Black-Blue-Backpack-years/dp/B019HA8AYG/ref=sr_1_7?crid=2M096C61O4MLT&keywords=bags&qid=1679311674&sprefix=ba%2Caps%2C283&sr=8-7,Gear CarryOn 16L Foldable Water Resistant School Bag//Backpack/College Bag for Men/Women - Blue Black,214,3.7,3.7
https://www.amazon.in/Half-Moon-Waterproof-Backpack-Students/dp/B085MHDJ93/ref=sr_1_8?crid=2M096C61O4MLT&keywords=bags&qid=1679311674&sprefix=ba%2Caps%2C283&sr=8-8,Half Moon 35 L Waterproof Laptop College School Office Bag Backpack for Men Women Boys Girls with 15.6 inch Padded Laptop Compartment & Rain Cover (Navy_Blue),689,3.9,3.9
https://www.amazon.in/Gear-Black-Laptop-Backpack-LBPASPIRE0104/dp/B075MK4TXP/ref=sr_1_9?crid=2M096C61O4MLT&keywords=bags&qid=1679311674&sprefix=ba%2Caps%2C283&sr=8-9,Gear Aspire 30L Water Restant Office Laptop Bag/Backpack for Men/Women/(Black),NA,4.3,4.3
https://www.amazon.in/SAFARI-Ltrs-Casual-Backpack-DAYPACKNEO15CBSEB/dp/B07Q7CNPMV/ref=sr_1_10?crid=2M096C61O4MLT&keywords=bags&qid=1679311674&sprefix=ba%2Caps%2C283&sr=8-10,SAFARI 15 Ltrs Sea Blue Casual/School/College Backpack (DAYPACKNEO15CBSEB),299,4.0,4.0
https://www.amazon.in/Number-Backpack-Compartment-Charging-Organizer/dp/B09VTCNN75/ref=sr_1_11?crid=2M096C61O4MLT&keywords=bags&qid=1679311674&sprefix=ba%2Caps%2C283&sr=8-11,"FUR JADEN Anti Theft Number Lock Backpack Bag with 15.6 Inch Laptop Compartment, USB Charging Port & Organizer Pocket for Men Women Boys Girls",689,3.9,3.9
https://www.amazon.in/Wesley-Milestone-Waterproof-Backpack-Business/dp/B085S444JV/ref=sr_1_12?crid=2M096C61O4MLT&keywords=bags&qid=1679311674&sprefix=ba%2Caps%2C283&sr=8-12,"Wesley Milestone 2.0 Casual Waterproof Laptop Backpack/Office Bag/School Bag/College Bag/Business Bag/Travel Backpack (Dimensions:13x18 inches) (Compatible with 39.62cm(15.6inch laptop) 30 L, Charcoal black",565,4.3,4.3
https://www.amazon.in/Half-Moon-Spacious-Backpack-Compartment/dp/B0BLVQ9NTD/ref=sr_1_13?crid=2M096C61O4MLT&keywords=bags&qid=1679311674&sprefix=ba%2Caps%2C283&sr=8-13,Half Moon Strike 35L Unisex Spacious School/Laptop/College/Office Travel Backpack Bag for Men Women Boys & Girls with 15.6 inch Padded Laptop Compartment & Multiple Pockets,699,3.7,3.7
https://www.amazon.in/Fur-Jaden-Black-Waterproof-Backpack/dp/B078GLXMDY/ref=sr_1_14?crid=2M096C61O4MLT&keywords=bags&qid=1679311674&sprefix=ba%2Caps%2C283&sr=8-14,Fur Jaden Anti Theft Backpack 15.6 Inch Laptop Bag with USB Charging Port,799,4.0,4.0
https://www.amazon.in/American-Tourister-BACKPACK-COMPARTMENT-ORGANIZER/dp/B0BTD4FK9G/ref=sr_1_15?crid=2M096C61O4MLT&keywords=bags&qid=1679311674&sprefix=ba%2Caps%2C283&sr=8-15,"American Tourister VALEX BLUE LAPTOP BACKPACK 28 Ltrs,Volume, LAPTOP COMPARTMENT, BOTTLE POCKET, FRONT ORGANIZER",1299,4.1,4.1
https://www.amazon.in/gp/bestsellers/luggage/2917442031/ref=sr_bs_15_2917442031_1,DEIN KLEIDER Men's Nylon Messenger Bag,349,4.0,4.0
https://www.amazon.in/gp/bestsellers/luggage/ref=sr_bs_0_luggage_1,American Tourister 32 Ltrs Black Casual Backpack (AMT FIZZ SCH BAG 02 - BLACK),1199,4.1,4.1
https://www.amazon.in/gp/bestsellers/computers/1375464031/ref=sr_bs_1_1375464031_1,Wesley Milestone 2.0 Casual Waterproof Laptop Backpack/Office Bag/School Bag/College Bag/Business Bag/Travel Backpack (Dimensions:13x18 inches) (Compatible with 39.62cm(15.6inch laptop) 30 L (Blue & black),565,4.3,4.3
https://www.amazon.in/Skybags-Brat-Black-Casual-Backpack/dp/B08Z1HHHTD/ref=ice_ac_b_dpb?crid=2M096C61O4MLT&keywords=bags&qid=1679311681&sprefix=ba%2Caps%2C283&sr=8-3,Skybags Brat Black 46 Cms Casual Backpack,659,4.1,4.1
https://www.amazon.in/Lavie-Sport-Duffle-Luggage-Trolley/dp/B097RJ22Q3/ref=sr_1_4?crid=2M096C61O4MLT&keywords=bags&qid=1679311681&sprefix=ba%2Caps%2C283&sr=8-4,Lavie Sport Lino Large Size 63 cms Wheel Duffle Bag for Travel | Travel Bag with Trolley,949,3.9,3.9
https://www.amazon.in/ADISA-Laptop-Backpack-Office-College/dp/B09TPX22NF/ref=sr_1_5?crid=2M096C61O4MLT&keywords=bags&qid=1679311681&sprefix=ba%2Caps%2C283&sr=8-5,ADISA 15.6 inch Laptop Backpack Office Bag College Travel Back Pack 32 Ltrs (z-Navy Blue),499,3.8,3.8
https://www.amazon.in/GEAR-Black-Blue-Backpack-years/dp/B019HA8AYG/ref=sr_1_6?crid=2M096C61O4MLT&keywords=bags&qid=1679311681&sprefix=ba%2Caps%2C283&sr=8-6,Gear CarryOn 16L Foldable Water Resistant School Bag//Backpack/College Bag for Men/Women - Blue Black,214,3.7,3.7
https://www.amazon.in/Half-Moon-Waterproof-Backpack-Students/dp/B085MHDJ93/ref=sr_1_7?crid=2M096C61O4MLT&keywords=bags&qid=1679311681&sprefix=ba%2Caps%2C283&sr=8-7,Half Moon 35 L Waterproof Laptop College School Office Bag Backpack for Men Women Boys Girls with 15.6 inch Padded Laptop Compartment & Rain Cover (Navy_Blue),689,3.9,3.9
https://www.amazon.in/Gear-Black-Laptop-Backpack-LBPASPIRE0104/dp/B075MK4TXP/ref=sr_1_8?crid=2M096C61O4MLT&keywords=bags&qid=1679311681&sprefix=ba%2Caps%2C283&sr=8-8,Gear Aspire 30L Water Restant Office Laptop Bag/Backpack for Men/Women/(Black),NA,4.3,4.3
https://www.amazon.in/SAFARI-Ltrs-Casual-Backpack-DAYPACKNEO15CBSEB/dp/B07Q7CNPMV/ref=sr_1_9?crid=2M096C61O4MLT&keywords=bags&qid=1679311681&sprefix=ba%2Caps%2C283&sr=8-9,SAFARI 15 Ltrs Sea Blue Casual/School/College Backpack (DAYPACKNEO15CBSEB),299,4.0,4.0
https://www.amazon.in/Number-Backpack-Compartment-Charging-Organizer/dp/B09VTCNN75/ref=sr_1_10?crid=2M096C61O4MLT&keywords=bags&qid=1679311681&sprefix=ba%2Caps%2C283&sr=8-10,"FUR JADEN Anti Theft Number Lock Backpack Bag with 15.6 Inch Laptop Compartment, USB Charging Port & Organizer Pocket for Men Women Boys Girls",689,3.9,3.9
https://www.amazon.in/Wesley-Milestone-Waterproof-Backpack-Business/dp/B085S444JV/ref=sr_1_11?crid=2M096C61O4MLT&keywords=bags&qid=1679311681&sprefix=ba%2Caps%2C283&sr=8-11,"Wesley Milestone 2.0 Casual Waterproof Laptop Backpack/Office Bag/School Bag/College Bag/Business Bag/Travel Backpack (Dimensions:13x18 inches) (Compatible with 39.62cm(15.6inch laptop) 30 L, Charcoal black",565,4.3,4.3
https://www.amazon.in/Half-Moon-Spacious-Backpack-Compartment/dp/B0BLVQ9NTD/ref=sr_1_12?crid=2M096C61O4MLT&keywords=bags&qid=1679311681&sprefix=ba%2Caps%2C283&sr=8-12,Half Moon Strike 35L Unisex Spacious School/Laptop/College/Office Travel Backpack Bag for Men Women Boys & Girls with 15.6 inch Padded Laptop Compartment & Multiple Pockets,699,3.7,3.7
https://www.amazon.in/Fur-Jaden-Black-Waterproof-Backpack/dp/B078GLXMDY/ref=sr_1_13?crid=2M096C61O4MLT&keywords=bags&qid=1679311681&sprefix=ba%2Caps%2C283&sr=8-13,Fur Jaden Anti Theft Backpack 15.6 Inch Laptop Bag with USB Charging Port,799,4.0,4.0
https://www.amazon.in/American-Tourister-BACKPACK-COMPARTMENT-ORGANIZER/dp/B0BTD4FK9G/ref=sr_1_14?crid=2M096C61O4MLT&keywords=bags&qid=1679311681&sprefix=ba%2Caps%2C283&sr=8-14,"American Tourister VALEX BLUE LAPTOP BACKPACK 28 Ltrs,Volume, LAPTOP COMPARTMENT, BOTTLE POCKET, FRONT ORGANIZER",1299,4.1,4.1
https://www.amazon.in/gp/bestsellers/luggage/2917442031/ref=sr_bs_14_2917442031_1,DEIN KLEIDER Men's Nylon Messenger Bag,349,4.0,4.0
https://www.amazon.in/ADISA-Laptop-Backpack-Office-College/dp/B0BPVLXD53/ref=sr_1_16?crid=2M096C61O4MLT&keywords=bags&qid=1679311681&sprefix=ba%2Caps%2C283&sr=8-16,ADISA 35L Large Laptop Backpack Office Bag College Travel Back Pack with rain Cover (Grey),599,4.0,4.0
